experiment_id	commit	case_set	model	params_b	quantization	method	gauge_fix	optimizer	proxy_loss	dynamic_iou	flow_distribution	track2d_dtw	trajectory_dtw	emd_step	scene_3d	semantic_dinov3	checker_ok	build_ok	peak_vram_gb	wall_s	model_calls	proxy_evals	blender_renders	keep	notes
dev10-b1b4-20261007T163230Z-B1	4c8aaa5867ea21ed5c1e5c0648954a7a9c72ddb6	dev10	Qwen3-VL-2B-Instruct	2.0	fp16	B1	no	none		error	error	error	not_applicable	not_applicable	not_applicable		False	False	4.393	35.40374152874574	1	0	0	reject	ValueError: camera.extrinsic must be 4x4 | invalid baseline: direct output yielded 0/10 checker passes
dev10-b1b4-20261007T163230Z-B1	4c8aaa5867ea21ed5c1e5c0648954a7a9c72ddb6	dev10	Qwen3-VL-2B-Instruct	2.0	fp16	B1	no	none		error	error	error	not_applicable	not_applicable	not_applicable		False	False	4.393	71.23652220470831	1	0	0	reject	ValueError: direct scene video metadata differs from the source video | invalid baseline: direct output yielded 0/10 checker passes
dev10-b1b4-20261007T163230Z-B1	4c8aaa5867ea21ed5c1e5c0648954a7a9c72ddb6	dev10	Qwen3-VL-2B-Instruct	2.0	fp16	B1	no	none		error	error	error	not_applicable	not_applicable	not_applicable		False	False	4.393	32.86403939593583	1	0	0	reject	ValueError: objects[1].name must be unique and non-empty | invalid baseline: direct output yielded 0/10 checker passes
dev10-b1b4-20261007T163230Z-B1	4c8aaa5867ea21ed5c1e5c0648954a7a9c72ddb6	dev10	Qwen3-VL-2B-Instruct	2.0	fp16	B1	no	none		error	error	error	not_applicable	not_applicable	not_applicable		False	False	4.393	47.37541266903281	1	0	0	reject	ValueError: objects[1].name must be unique and non-empty | invalid baseline: direct output yielded 0/10 checker passes
dev10-b1b4-20261007T163230Z-B1	4c8aaa5867ea21ed5c1e5c0648954a7a9c72ddb6	dev10	Qwen3-VL-2B-Instruct	2.0	fp16	B1	no	none		error	error	error	not_applicable	not_applicable	not_applicable		False	False	4.393	38.249281636904925	1	0	0	reject	ValueError: camera.extrinsic must be 4x4 | invalid baseline: direct output yielded 0/10 checker passes
dev10-b1b4-20261007T163230Z-B1	4c8aaa5867ea21ed5c1e5c0648954a7a9c72ddb6	dev10	Qwen3-VL-2B-Instruct	2.0	fp16	B1	no	none		error	not_applicable	not_applicable	error	error	error		False	True	4.453	49.71308701997623	1	0	1	reject	invalid baseline: direct output yielded 0/10 checker passes
dev10-b1b4-20261007T163230Z-B1	4c8aaa5867ea21ed5c1e5c0648954a7a9c72ddb6	dev10	Qwen3-VL-2B-Instruct	2.0	fp16	B1	no	none		error	not_applicable	not_applicable	error	error	error		False	False	4.453	23.701979778707027	1	0	0	reject	ValueError: camera.extrinsic must be 4x4 | invalid baseline: direct output yielded 0/10 checker passes
dev10-b1b4-20261007T163230Z-B1	4c8aaa5867ea21ed5c1e5c0648954a7a9c72ddb6	dev10	Qwen3-VL-2B-Instruct	2.0	fp16	B1	no	none		error	not_applicable	not_applicable	error	error	error		False	False	4.453	73.32316236943007	1	0	0	reject	ValueError: direct scene video metadata differs from the source video | invalid baseline: direct output yielded 0/10 checker passes
dev10-b1b4-20261007T163230Z-B1	4c8aaa5867ea21ed5c1e5c0648954a7a9c72ddb6	dev10	Qwen3-VL-2B-Instruct	2.0	fp16	B1	no	none		error	not_applicable	not_applicable	error	error	error		False	False	4.453	74.98375282483175	1	0	0	reject	ValueError: direct scene video metadata differs from the source video | invalid baseline: direct output yielded 0/10 checker passes
dev10-b1b4-20261007T163230Z-B1	4c8aaa5867ea21ed5c1e5c0648954a7a9c72ddb6	dev10	Qwen3-VL-2B-Instruct	2.0	fp16	B1	no	none		error	not_applicable	not_applicable	error	error	error		False	True	4.453	19.876494113821536	1	0	1	reject	invalid baseline: direct output yielded 0/10 checker passes
dev10-b1b4-20261007T163230Z-B2	4c8aaa5867ea21ed5c1e5c0648954a7a9c72ddb6	dev10	Qwen3-VL-2B-Instruct	2.0	fp16	B2	no	none		0.03184684201094291	0.14999962091875163	0.0	not_applicable	not_applicable	not_applicable		True	True	4.386	51.97413171734661	1	0	1	pending	developmental; pending confirmation
dev10-b1b4-20261007T163230Z-B2	4c8aaa5867ea21ed5c1e5c0648954a7a9c72ddb6	dev10	Qwen3-VL-2B-Instruct	2.0	fp16	B2	no	none		0.05448877945536029	0.24687873483749823	0.0007486343383789062	not_applicable	not_applicable	not_applicable		True	True	4.386	45.33408500533551	1	0	1	pending	developmental; pending confirmation
dev10-b1b4-20261007T163230Z-B2	4c8aaa5867ea21ed5c1e5c0648954a7a9c72ddb6	dev10	Qwen3-VL-2B-Instruct	2.0	fp16	B2	no	none		0.029437461207641423	0.20175742889495019	0.0010599493980407715	not_applicable	not_applicable	not_applicable		True	True	4.386	54.832993087824434	1	0	1	pending	developmental; pending confirmation
dev10-b1b4-20261007T163230Z-B2	4c8aaa5867ea21ed5c1e5c0648954a7a9c72ddb6	dev10	Qwen3-VL-2B-Instruct	2.0	fp16	B2	no	none		0.03817238638766106	0.15513428613772628	5.960464477539063e-08	not_applicable	not_applicable	not_applicable		True	True	4.386	50.772741068620235	1	0	1	pending	developmental; pending confirmation
dev10-b1b4-20261007T163230Z-B2	4c8aaa5867ea21ed5c1e5c0648954a7a9c72ddb6	dev10	Qwen3-VL-2B-Instruct	2.0	fp16	B2	no	none		0.0	0.0036012646787740854	0.001793980598449707	not_applicable	not_applicable	not_applicable		True	True	4.386	44.05583987478167	1	0	1	pending	developmental; pending confirmation
dev10-b1b4-20261007T163230Z-B2	4c8aaa5867ea21ed5c1e5c0648954a7a9c72ddb6	dev10	Qwen3-VL-2B-Instruct	2.0	fp16	B2	no	none		0.0006069684477077351	not_applicable	not_applicable	0.16709859550087458	0.15870337887200892	0.6229303479194641		True	True	4.44	38.75821118382737	1	0	1	pending	developmental; pending confirmation
dev10-b1b4-20261007T163230Z-B2	4c8aaa5867ea21ed5c1e5c0648954a7a9c72ddb6	dev10	Qwen3-VL-2B-Instruct	2.0	fp16	B2	no	none		2.602730904671188e-05	not_applicable	not_applicable	0.054410296797868796	0.02257618673032946	0.9138869196176529		True	True	4.44	51.62958873761818	1	0	1	pending	developmental; pending confirmation
dev10-b1b4-20261007T163230Z-B2	4c8aaa5867ea21ed5c1e5c0648954a7a9c72ddb6	dev10	Qwen3-VL-2B-Instruct	2.0	fp16	B2	no	none		0.10749045506152688	not_applicable	not_applicable	0.4600238247639399	0.17800200504488173	0.8407825380563736		True	True	4.44	46.85547348530963	1	0	1	pending	developmental; pending confirmation
dev10-b1b4-20261007T163230Z-B2	4c8aaa5867ea21ed5c1e5c0648954a7a9c72ddb6	dev10	Qwen3-VL-2B-Instruct	2.0	fp16	B2	no	none		0.00047293504401334127	not_applicable	not_applicable	0.0781109280101191	0.031855411496638064	0.8523335009813309		True	True	4.44	52.97057311888784	1	0	1	pending	developmental; pending confirmation
dev10-b1b4-20261007T163230Z-B2	4c8aaa5867ea21ed5c1e5c0648954a7a9c72ddb6	dev10	Qwen3-VL-2B-Instruct	2.0	fp16	B2	no	none		0.13488282205814814	not_applicable	not_applicable	0.2097676287030481	0.045530009871166066	0.641168862581253		True	True	4.44	64.14341070875525	1	0	1	pending	developmental; pending confirmation
dev10-b1b4-20261007T163230Z-B3	4c8aaa5867ea21ed5c1e5c0648954a7a9c72ddb6	dev10	Qwen3-VL-2B-Instruct	2.0	fp16	B3	yes	none		0.0	0.0	uncomputable	not_applicable	not_applicable	not_applicable		True	True		42.68849701015279	0	0	1	reject	invalidated: camera-to-world gauge/proxy convention bug; see corrected run dev10-b3b4-c2w-v2-20261007T172722Z
dev10-b1b4-20261007T163230Z-B3	4c8aaa5867ea21ed5c1e5c0648954a7a9c72ddb6	dev10	Qwen3-VL-2B-Instruct	2.0	fp16	B3	yes	none		0.0	0.0	uncomputable	not_applicable	not_applicable	not_applicable		True	True		32.656477839220315	0	0	1	reject	invalidated: camera-to-world gauge/proxy convention bug; see corrected run dev10-b3b4-c2w-v2-20261007T172722Z
dev10-b1b4-20261007T163230Z-B3	4c8aaa5867ea21ed5c1e5c0648954a7a9c72ddb6	dev10	Qwen3-VL-2B-Instruct	2.0	fp16	B3	yes	none		0.0	0.0	uncomputable	not_applicable	not_applicable	not_applicable		True	True		44.7722216937691	0	0	1	reject	invalidated: camera-to-world gauge/proxy convention bug; see corrected run dev10-b3b4-c2w-v2-20261007T172722Z
dev10-b1b4-20261007T163230Z-B3	4c8aaa5867ea21ed5c1e5c0648954a7a9c72ddb6	dev10	Qwen3-VL-2B-Instruct	2.0	fp16	B3	yes	none		0.0	0.0	uncomputable	not_applicable	not_applicable	not_applicable		True	True		41.18755262251943	0	0	1	reject	invalidated: camera-to-world gauge/proxy convention bug; see corrected run dev10-b3b4-c2w-v2-20261007T172722Z
dev10-b1b4-20261007T163230Z-B3	4c8aaa5867ea21ed5c1e5c0648954a7a9c72ddb6	dev10	Qwen3-VL-2B-Instruct	2.0	fp16	B3	yes	none		0.0	0.0	uncomputable	not_applicable	not_applicable	not_applicable		True	True		33.658528874162585	0	0	1	reject	invalidated: camera-to-world gauge/proxy convention bug; see corrected run dev10-b3b4-c2w-v2-20261007T172722Z
dev10-b1b4-20261007T163230Z-B3	4c8aaa5867ea21ed5c1e5c0648954a7a9c72ddb6	dev10	Qwen3-VL-2B-Instruct	2.0	fp16	B3	yes	none		0.0	not_applicable	not_applicable	0.7878110865060535	0.24479353680795024	0.48504549264907837		True	True		30.529951664153486	0	0	1	reject	invalidated: camera-to-world gauge/proxy convention bug; see corrected run dev10-b3b4-c2w-v2-20261007T172722Z
dev10-b1b4-20261007T163230Z-B3	4c8aaa5867ea21ed5c1e5c0648954a7a9c72ddb6	dev10	Qwen3-VL-2B-Instruct	2.0	fp16	B3	yes	none		0.0	not_applicable	not_applicable	0.8452993052244437	0.27138580883771524	0.46831798553466797		True	True		41.39564739027992	0	0	1	reject	invalidated: camera-to-world gauge/proxy convention bug; see corrected run dev10-b3b4-c2w-v2-20261007T172722Z
dev10-b1b4-20261007T163230Z-B3	4c8aaa5867ea21ed5c1e5c0648954a7a9c72ddb6	dev10	Qwen3-VL-2B-Instruct	2.0	fp16	B3	yes	none		0.0	not_applicable	not_applicable	0.8822627525516964	0.18809193318190764	0.6255806088447571		True	True		36.156619171611965	0	0	1	reject	invalidated: camera-to-world gauge/proxy convention bug; see corrected run dev10-b3b4-c2w-v2-20261007T172722Z
dev10-b1b4-20261007T163230Z-B3	4c8aaa5867ea21ed5c1e5c0648954a7a9c72ddb6	dev10	Qwen3-VL-2B-Instruct	2.0	fp16	B3	yes	none		0.0	not_applicable	not_applicable	0.9163267854294477	0.17915412680412157	0.5390736758708954		True	True		41.33768375776708	0	0	1	reject	invalidated: camera-to-world gauge/proxy convention bug; see corrected run dev10-b3b4-c2w-v2-20261007T172722Z
dev10-b1b4-20261007T163230Z-B3	4c8aaa5867ea21ed5c1e5c0648954a7a9c72ddb6	dev10	Qwen3-VL-2B-Instruct	2.0	fp16	B3	yes	none		0.0	not_applicable	not_applicable	0.7405437369534411	0.1878918098589446	0.43781501054763794		True	True		54.31065500667319	0	0	1	reject	invalidated: camera-to-world gauge/proxy convention bug; see corrected run dev10-b3b4-c2w-v2-20261007T172722Z
dev10-b1b4-20261007T163230Z-B4	4c8aaa5867ea21ed5c1e5c0648954a7a9c72ddb6	dev10	Qwen3-VL-2B-Instruct	2.0	fp16	B4	yes	CEM	2.016077746022865	0.04417799290221704	0.11076494938964243	uncomputable	not_applicable	not_applicable	not_applicable		True	True		47.91935220640153	0	257	1	reject	invalidated: camera-to-world gauge/proxy convention bug; see corrected run dev10-b3b4-c2w-v2-20261007T172722Z
dev10-b1b4-20261007T163230Z-B4	4c8aaa5867ea21ed5c1e5c0648954a7a9c72ddb6	dev10	Qwen3-VL-2B-Instruct	2.0	fp16	B4	yes	CEM	1.86417209584564	0.0003909451538205456	0.002674699858192686	uncomputable	not_applicable	not_applicable	not_applicable		True	True		39.1658013984561	0	257	1	reject	invalidated: camera-to-world gauge/proxy convention bug; see corrected run dev10-b3b4-c2w-v2-20261007T172722Z
dev10-b1b4-20261007T163230Z-B4	4c8aaa5867ea21ed5c1e5c0648954a7a9c72ddb6	dev10	Qwen3-VL-2B-Instruct	2.0	fp16	B4	yes	CEM	1.8004748936498085	0.021770109860667162	0.08322824650488558	uncomputable	not_applicable	not_applicable	not_applicable		True	True		50.75276448018849	0	257	1	reject	invalidated: camera-to-world gauge/proxy convention bug; see corrected run dev10-b3b4-c2w-v2-20261007T172722Z
dev10-b1b4-20261007T163230Z-B4	4c8aaa5867ea21ed5c1e5c0648954a7a9c72ddb6	dev10	Qwen3-VL-2B-Instruct	2.0	fp16	B4	yes	CEM	1.8258058995971516	0.06981943708766833	0.03292755851253759	uncomputable	not_applicable	not_applicable	not_applicable		True	True		46.77634726744145	0	257	1	reject	invalidated: camera-to-world gauge/proxy convention bug; see corrected run dev10-b3b4-c2w-v2-20261007T172722Z
dev10-b1b4-20261007T163230Z-B4	4c8aaa5867ea21ed5c1e5c0648954a7a9c72ddb6	dev10	Qwen3-VL-2B-Instruct	2.0	fp16	B4	yes	CEM	2.0215157547606486	0.05451483942157168	0.09549963896519564	uncomputable	not_applicable	not_applicable	not_applicable		True	True		39.74619437754154	0	257	1	reject	invalidated: camera-to-world gauge/proxy convention bug; see corrected run dev10-b3b4-c2w-v2-20261007T172722Z
dev10-b1b4-20261007T163230Z-B4	4c8aaa5867ea21ed5c1e5c0648954a7a9c72ddb6	dev10	Qwen3-VL-2B-Instruct	2.0	fp16	B4	yes	CEM	0.9662933105468712	0.012331800931019606	not_applicable	not_applicable	0.7003557582696278	0.28401076702387573	0.5104213058948517		True	True		35.863938346039504	0	257	1	reject	invalidated: camera-to-world gauge/proxy convention bug; see corrected run dev10-b3b4-c2w-v2-20261007T172722Z
dev10-b1b4-20261007T163230Z-B4	4c8aaa5867ea21ed5c1e5c0648954a7a9c72ddb6	dev10	Qwen3-VL-2B-Instruct	2.0	fp16	B4	yes	CEM	1.7059081359180686	0.0	not_applicable	not_applicable	0.7877958966284127	0.3573638101929154	0.0		True	True		48.558884182944894	0	257	1	reject	invalidated: camera-to-world gauge/proxy convention bug; see corrected run dev10-b3b4-c2w-v2-20261007T172722Z
dev10-b1b4-20261007T163230Z-B4	4c8aaa5867ea21ed5c1e5c0648954a7a9c72ddb6	dev10	Qwen3-VL-2B-Instruct	2.0	fp16	B4	yes	CEM	0.6862375593850866	0.03261299871578212	not_applicable	not_applicable	0.8452477569763477	0.18382544932554146	0.576258659362793		True	True		42.17941453726962	0	257	1	reject	invalidated: camera-to-world gauge/proxy convention bug; see corrected run dev10-b3b4-c2w-v2-20261007T172722Z
dev10-b1b4-20261007T163230Z-B4	4c8aaa5867ea21ed5c1e5c0648954a7a9c72ddb6	dev10	Qwen3-VL-2B-Instruct	2.0	fp16	B4	yes	CEM	0.6768931476720821	0.0022786918193638556	not_applicable	not_applicable	0.8970951028168201	uncomputable	0.4810395836830139		True	True		46.90038425801322	0	257	1	reject	invalidated: camera-to-world gauge/proxy convention bug; see corrected run dev10-b3b4-c2w-v2-20261007T172722Z
dev10-b1b4-20261007T163230Z-B4	4c8aaa5867ea21ed5c1e5c0648954a7a9c72ddb6	dev10	Qwen3-VL-2B-Instruct	2.0	fp16	B4	yes	CEM	2.5054494382791583	0.10470934983042135	not_applicable	not_applicable	0.6223928814335745	0.19883395657072467	0.5324999094009399		True	True		61.87120541743934	0	257	1	reject	invalidated: camera-to-world gauge/proxy convention bug; see corrected run dev10-b3b4-c2w-v2-20261007T172722Z
dev10-b3b4-c2w-v2-20261007T172722Z-B3	4c8aaa5867ea21ed5c1e5c0648954a7a9c72ddb6	dev10	Qwen3-VL-2B-Instruct	2.0	fp16	B3	yes	none		0.03184684201094291	0.14999972741578382	0.0	not_applicable	not_applicable	not_applicable		True	True		42.3601100910455	0	0	1	pending	developmental; pending confirmation
dev10-b3b4-c2w-v2-20261007T172722Z-B3	4c8aaa5867ea21ed5c1e5c0648954a7a9c72ddb6	dev10	Qwen3-VL-2B-Instruct	2.0	fp16	B3	yes	none		0.05448877945536029	0.24687861271027156	0.0007486343383789062	not_applicable	not_applicable	not_applicable		True	True		33.9371118475683	0	0	1	pending	developmental; pending confirmation
dev10-b3b4-c2w-v2-20261007T172722Z-B3	4c8aaa5867ea21ed5c1e5c0648954a7a9c72ddb6	dev10	Qwen3-VL-2B-Instruct	2.0	fp16	B3	yes	none		0.029437461207641423	0.2017575469587347	0.0010599493980407715	not_applicable	not_applicable	not_applicable		True	True		44.29585108021274	0	0	1	pending	developmental; pending confirmation
dev10-b3b4-c2w-v2-20261007T172722Z-B3	4c8aaa5867ea21ed5c1e5c0648954a7a9c72ddb6	dev10	Qwen3-VL-2B-Instruct	2.0	fp16	B3	yes	none		0.03817238638766106	0.1551346354073112	5.960464477539063e-08	not_applicable	not_applicable	not_applicable		True	True		41.504893155768514	0	0	1	pending	developmental; pending confirmation
dev10-b3b4-c2w-v2-20261007T172722Z-B3	4c8aaa5867ea21ed5c1e5c0648954a7a9c72ddb6	dev10	Qwen3-VL-2B-Instruct	2.0	fp16	B3	yes	none		0.0	0.0036012646787740854	0.001793980598449707	not_applicable	not_applicable	not_applicable		True	True		34.92827734537423	0	0	1	pending	developmental; pending confirmation
dev10-b3b4-c2w-v2-20261007T172722Z-B3	4c8aaa5867ea21ed5c1e5c0648954a7a9c72ddb6	dev10	Qwen3-VL-2B-Instruct	2.0	fp16	B3	yes	none		0.0006069684477077351	not_applicable	not_applicable	0.16656462020114304	0.15870312420247357	0.6229152083396912		True	True		29.851791644934565	0	0	1	pending	developmental; pending confirmation
dev10-b3b4-c2w-v2-20261007T172722Z-B3	4c8aaa5867ea21ed5c1e5c0648954a7a9c72ddb6	dev10	Qwen3-VL-2B-Instruct	2.0	fp16	B3	yes	none		2.602730904671188e-05	not_applicable	not_applicable	0.0545151471887948	0.022576056956096546	0.9138911217451096		True	True		42.93405539356172	0	0	1	pending	developmental; pending confirmation
dev10-b3b4-c2w-v2-20261007T172722Z-B3	4c8aaa5867ea21ed5c1e5c0648954a7a9c72ddb6	dev10	Qwen3-VL-2B-Instruct	2.0	fp16	B3	yes	none		0.10749045506152688	not_applicable	not_applicable	0.46002353376715654	0.17800188792393823	0.8407833725214005		True	True		36.49222123529762	0	0	1	pending	developmental; pending confirmation
dev10-b3b4-c2w-v2-20261007T172722Z-B3	4c8aaa5867ea21ed5c1e5c0648954a7a9c72ddb6	dev10	Qwen3-VL-2B-Instruct	2.0	fp16	B3	yes	none		0.00047293504401334127	not_applicable	not_applicable	0.07848465532561022	0.03185480084344405	0.8523141294717789		True	True		41.4390901545994	0	0	1	pending	developmental; pending confirmation
dev10-b3b4-c2w-v2-20261007T172722Z-B3	4c8aaa5867ea21ed5c1e5c0648954a7a9c72ddb6	dev10	Qwen3-VL-2B-Instruct	2.0	fp16	B3	yes	none		0.13488282205814814	not_applicable	not_applicable	0.21363049741921714	0.04553623754809111	0.6411846876144409		True	True		55.51757526677102	0	0	1	pending	developmental; pending confirmation
dev10-b3b4-c2w-v2-20261007T172722Z-B4	4c8aaa5867ea21ed5c1e5c0648954a7a9c72ddb6	dev10	Qwen3-VL-2B-Instruct	2.0	fp16	B4	yes	CEM	2.016077746022865	0.008022543654837741	0.025499961676169747	0.0	not_applicable	not_applicable	not_applicable		True	True		46.79895927431062	0	257	1	pending	developmental; pending confirmation
dev10-b3b4-c2w-v2-20261007T172722Z-B4	4c8aaa5867ea21ed5c1e5c0648954a7a9c72ddb6	dev10	Qwen3-VL-2B-Instruct	2.0	fp16	B4	yes	CEM	1.86417209584564	0.031818689486858606	0.04114962767311958	0.004227161407470703	not_applicable	not_applicable	not_applicable		True	True		38.26396980835125	0	257	1	pending	developmental; pending confirmation
dev10-b3b4-c2w-v2-20261007T172722Z-B4	4c8aaa5867ea21ed5c1e5c0648954a7a9c72ddb6	dev10	Qwen3-VL-2B-Instruct	2.0	fp16	B4	yes	CEM	1.8004748936498085	0.016025725586607656	0.09001332392932215	0.028083741664886475	not_applicable	not_applicable	not_applicable		True	True		50.08626400958747	0	257	1	pending	developmental; pending confirmation
dev10-b3b4-c2w-v2-20261007T172722Z-B4	4c8aaa5867ea21ed5c1e5c0648954a7a9c72ddb6	dev10	Qwen3-VL-2B-Instruct	2.0	fp16	B4	yes	CEM	1.8258058995971516	0.014062657054839592	0.026318720297452636	5.960464477539063e-08	not_applicable	not_applicable	not_applicable		True	True		46.9522994980216	0	257	1	pending	developmental; pending confirmation
dev10-b3b4-c2w-v2-20261007T172722Z-B4	4c8aaa5867ea21ed5c1e5c0648954a7a9c72ddb6	dev10	Qwen3-VL-2B-Instruct	2.0	fp16	B4	yes	CEM	2.0215157547606486	0.016858698564064807	0.07333447759850853	0.0014494061470031738	not_applicable	not_applicable	not_applicable		True	True		40.04755413532257	0	257	1	pending	developmental; pending confirmation
dev10-b3b4-c2w-v2-20261007T172722Z-B4	4c8aaa5867ea21ed5c1e5c0648954a7a9c72ddb6	dev10	Qwen3-VL-2B-Instruct	2.0	fp16	B4	yes	CEM	0.9662933105468712	0.0	not_applicable	not_applicable	0.11035586187267654	0.05063424541145245	0.6229152083396912		True	True		35.42375707719475	0	257	1	pending	developmental; pending confirmation
dev10-b3b4-c2w-v2-20261007T172722Z-B4	4c8aaa5867ea21ed5c1e5c0648954a7a9c72ddb6	dev10	Qwen3-VL-2B-Instruct	2.0	fp16	B4	yes	CEM	1.7059081359180686	0.0	not_applicable	not_applicable	0.04744244380708551	0.01867763620524676	0.9138911217451096		True	True		48.36887223413214	0	257	1	pending	developmental; pending confirmation
dev10-b3b4-c2w-v2-20261007T172722Z-B4	4c8aaa5867ea21ed5c1e5c0648954a7a9c72ddb6	dev10	Qwen3-VL-2B-Instruct	2.0	fp16	B4	yes	CEM	0.6862375593850866	0.042824606795764414	not_applicable	not_applicable	0.3708409062881036	0.012657415201189015	0.8407833725214005		True	True		42.027268855366856	0	257	1	pending	developmental; pending confirmation
dev10-b3b4-c2w-v2-20261007T172722Z-B4	4c8aaa5867ea21ed5c1e5c0648954a7a9c72ddb6	dev10	Qwen3-VL-2B-Instruct	2.0	fp16	B4	yes	CEM	0.6768931476720821	7.088726929910439e-05	not_applicable	not_applicable	0.06514468744899204	0.027090521757587305	0.8523141294717789		True	True		46.612858183681965	0	257	1	pending	developmental; pending confirmation
dev10-b3b4-c2w-v2-20261007T172722Z-B4	4c8aaa5867ea21ed5c1e5c0648954a7a9c72ddb6	dev10	Qwen3-VL-2B-Instruct	2.0	fp16	B4	yes	CEM	2.5054494382791583	0.03161111493835761	not_applicable	not_applicable	0.0	0.08217966381266362	0.6411846876144409		True	True		61.83044103300199	0	257	1	pending	developmental; pending confirmation
